"","Threshold","Utility","Specificity","Sensitivity","Precision","F1","Balanced.Accuracy","Chosen"
"1",0.01,0.833333333333333,0,1,0.31,0.473282442748092,0.5,0
"2",0.02,0.833333333333333,0,1,0.31,0.473282442748092,0.5,0
"3",0.03,0.833333333333333,0,1,0.31,0.473282442748092,0.5,0
"4",0.04,0.833333333333333,0,1,0.31,0.473282442748092,0.5,0
"5",0.05,0.833574879227053,0.00144927536231884,1,0.31031031031031,0.473644003055768,0.500724637681159,0
"6",0.06,0.835507246376812,0.0130434782608696,1,0.312815338042381,0.476556495003843,0.506521739130435,0
"7",0.07,0.838405797101449,0.0304347826086957,1,0.316649642492339,0.480993017843289,0.515217391304348,0
"8",0.08,0.841756272401434,0.0666666666666667,0.996774193548387,0.324239244491081,0.489311163895487,0.531720430107527,0
"9",0.09,0.847311827956989,0.1,0.996774193548387,0.332258064516129,0.498387096774194,0.548387096774194,0
"10",0.1,0.856249026024622,0.153623188405797,0.996774193548387,0.346024636058231,0.513715710723192,0.575198690977092,0
"11",0.11,0.863978494623656,0.2,0.996774193548387,0.358885017421603,0.527754056362084,0.598387096774194,0
"12",0.12,0.875572697522207,0.269565217391304,0.996774193548387,0.380073800738007,0.550311665182547,0.633169705469846,0
"13",0.13,0.882819074333801,0.31304347826087,0.996774193548387,0.39463601532567,0.565416285452882,0.654908835904628,0
"14",0.14,0.885172198846813,0.359420289855072,0.990322580645161,0.409879839786382,0.579792256846081,0.674871435250117,0
"15",0.15,0.894109396914446,0.41304347826087,0.990322580645161,0.431179775280899,0.600782778864971,0.701683029453015,0
"16",0.16,0.89818450989559,0.453623188405797,0.987096774193548,0.448023426061493,0.61631419939577,0.720359981299673,0
"17",0.17,0.904223157238585,0.489855072463768,0.987096774193548,0.465045592705167,0.632231404958678,0.738475923328658,0
"18",0.18,0.905610098176718,0.530434782608696,0.980645161290323,0.484076433121019,0.64818763326226,0.755539971949509,0
"19",0.19,0.911407199625993,0.565217391304348,0.980645161290323,0.503311258278146,0.665207877461707,0.772931276297335,0
"20",0.2,0.914757674925978,0.601449275362319,0.97741935483871,0.524221453287197,0.682432432432433,0.789434315100514,0
"21",0.21,0.915419978182952,0.63768115942029,0.970967741935484,0.546279491833031,0.699186991869919,0.804324450677887,0
"22",0.22,0.917562724014337,0.666666666666667,0.967741935483871,0.566037735849057,0.714285714285714,0.817204301075269,0
"23",0.23,0.921185912420134,0.688405797101449,0.967741935483871,0.58252427184466,0.727272727272727,0.82807386629266,0
"24",0.24,0.920913199314321,0.702898550724638,0.964516129032258,0.593253968253968,0.734643734643735,0.833707339878448,0
"25",0.25,0.915264142122487,0.717391304347826,0.954838709677419,0.602851323828921,0.739076154806492,0.836115007012623,0
"26",0.26,0.914266791335515,0.727536231884058,0.951612903225806,0.610766045548654,0.744010088272383,0.839574567554932,1
"27",0.27,0.914477170017142,0.744927536231884,0.948387096774194,0.625531914893617,0.753846153846154,0.846657316503039,0
"28",0.28,0.91396291101761,0.757971014492754,0.945161290322581,0.63695652173913,0.761038961038961,0.851566152407667,0
"29",0.29,0.914897927380396,0.779710144927536,0.941935483870968,0.657657657657658,0.774535809018568,0.860822814399252,0
"30",0.3,0.908765778401122,0.791304347826087,0.932258064516129,0.66743648960739,0.77792732166891,0.861781206171108,0
"31",0.31,0.905563347358579,0.804347826086957,0.925806451612903,0.680094786729858,0.784153005464481,0.86507713884993,0
"32",0.32,0.902602462209755,0.818840579710145,0.919354838709677,0.695121951219512,0.791666666666667,0.869097709209911,0
"33",0.33,0.902571294997662,0.834782608695652,0.916129032258065,0.71356783919598,0.80225988700565,0.875455820476858,0
"34",0.34,0.890338164251208,0.842028985507246,0.9,0.719072164948454,0.799426934097421,0.871014492753623,0
"35",0.35,0.888857721676796,0.849275362318841,0.896774193548387,0.727748691099476,0.803468208092486,0.873024777933614,0
"36",0.36,0.882484026803802,0.859420289855072,0.887096774193548,0.739247311827957,0.806451612903226,0.87325853202431,0
"37",0.37,0.881245130123111,0.868115942028985,0.883870967741936,0.750684931506849,0.811851851851852,0.87599345488546,0
"38",0.38,0.874146797568958,0.873913043478261,0.874193548387097,0.756983240223464,0.811377245508982,0.874053295932679,0
"39",0.39,0.869736637057815,0.879710144927536,0.867741935483871,0.764204545454545,0.812688821752266,0.873726040205704,0
"40",0.4,0.866051114227832,0.889855072463768,0.861290322580645,0.778425655976676,0.817764165390505,0.875572697522207,0
"41",0.41,0.867017297802712,0.895652173913044,0.861290322580645,0.787610619469027,0.822804314329738,0.878471248246844,0
"42",0.42,0.859435873461119,0.898550724637681,0.851612903225806,0.790419161676647,0.819875776397516,0.875081813931744,0
"43",0.43,0.851854449119526,0.901449275362319,0.841935483870968,0.793313069908815,0.816901408450704,0.871692379616643,0
"44",0.44,0.847685834502104,0.908695652173913,0.835483870967742,0.804347826086957,0.819620253164557,0.872089761570827,0
"45",0.45,0.83814087579866,0.915942028985507,0.82258064516129,0.814696485623003,0.818619582664527,0.869261337073399,0
"46",0.46,0.833247623500078,0.918840579710145,0.816129032258065,0.818770226537217,0.817447495961228,0.867484805984105,0
"47",0.47,0.825666199158485,0.921739130434783,0.806451612903226,0.822368421052632,0.814332247557003,0.864095371669004,0
"48",0.48,0.8105033504753,0.927536231884058,0.787096774193548,0.829931972789116,0.80794701986755,0.857316503038803,0
"49",0.49,0.805368552282998,0.928985507246377,0.780645161290323,0.831615120274914,0.805324459234609,0.85481533426835,0
"50",0.5,0.803646563814867,0.934782608695652,0.77741935483871,0.842657342657343,0.808724832214765,0.856100981767181,0
"51",0.51,0.792893875642824,0.934782608695652,0.764516129032258,0.840425531914894,0.800675675675676,0.849649368863955,0
"52",0.52,0.790688795387253,0.93768115942029,0.761290322580645,0.845878136200717,0.801358234295416,0.849485741000467,0
"53",0.53,0.7835904628331,0.943478260869565,0.751612903225806,0.856617647058823,0.800687285223368,0.847545582047686,0
"54",0.54,0.781626928471248,0.947826086956522,0.748387096774194,0.865671641791045,0.802768166089965,0.848106591865358,0
"55",0.55,0.776492130278947,0.949275362318841,0.741935483870968,0.867924528301887,0.8,0.845605423094904,0
"56",0.56,0.763775907745052,0.953623188405797,0.725806451612903,0.875486381322957,0.793650793650794,0.83971482000935,0
"57",0.57,0.75619448340346,0.956521739130435,0.716129032258065,0.880952380952381,0.790035587188612,0.83632538569425,0
"58",0.58,0.748371513168147,0.957971014492754,0.706451612903226,0.883064516129032,0.78494623655914,0.83221131369799,0
"59",0.59,0.730037400654511,0.960869565217391,0.683870967741935,0.887029288702929,0.772313296903461,0.822370266479663,0
"60",0.6,0.719767804269908,0.963768115942029,0.670967741935484,0.892703862660944,0.766114180478821,0.817367928938756,0
"61",0.61,0.711703288140876,0.963768115942029,0.661290322580645,0.891304347826087,0.759259259259259,0.812529219261337,0
"62",0.62,0.698745519713262,0.966666666666667,0.645161290322581,0.896860986547085,0.75046904315197,0.805913978494624,0
"63",0.63,0.69385226741468,0.969565217391304,0.638709677419355,0.904109589041096,0.748582230623818,0.80413744740533,0
"64",0.64,0.680411407199626,0.969565217391304,0.62258064516129,0.901869158878505,0.736641221374046,0.796072931276297,0
"65",0.65,0.675518154901044,0.972463768115942,0.616129032258064,0.90952380952381,0.734615384615385,0.794296400187003,0
"66",0.66,0.664765466729001,0.972463768115942,0.603225806451613,0.907766990291262,0.724806201550388,0.787844787283777,0
"67",0.67,0.651566152407667,0.973913043478261,0.587096774193548,0.91,0.713725490196078,0.780504908835905,0
"68",0.68,0.643501636278635,0.973913043478261,0.57741935483871,0.908629441624365,0.706114398422091,0.775666199158485,0
"69",0.69,0.62737260402057,0.973913043478261,0.558064516129032,0.905759162303665,0.69061876247505,0.765988779803647,0
"70",0.7,0.619308087891538,0.973913043478261,0.548387096774194,0.904255319148936,0.682730923694779,0.761150070126227,0
"71",0.71,0.595114539504441,0.973913043478261,0.519354838709677,0.899441340782123,0.658486707566462,0.746633941093969,0
"72",0.72,0.58997974131214,0.97536231884058,0.512903225806452,0.903409090909091,0.654320987654321,0.744132772323516,0
"73",0.73,0.579468599033816,0.976811594202899,0.5,0.906432748538012,0.644490644490645,0.738405797101449,0
"74",0.74,0.561134486520181,0.979710144927536,0.47741935483871,0.91358024691358,0.627118644067797,0.728564749883123,0
"75",0.75,0.553069970391148,0.979710144927536,0.467741935483871,0.911949685534591,0.618336886993603,0.723726040205704,0
"76",0.76,0.542800374006545,0.982608695652174,0.454838709677419,0.92156862745098,0.609071274298056,0.718723702664797,0
"77",0.77,0.532047685834502,0.982608695652174,0.441935483870968,0.919463087248322,0.596949891067538,0.712272089761571,0
"78",0.78,0.513713573320866,0.985507246376812,0.419354838709677,0.928571428571429,0.577777777777778,0.702431042543245,0
"79",0.79,0.497584541062802,0.985507246376812,0.4,0.925373134328358,0.558558558558559,0.692753623188406,0
"80",0.8,0.484385226741468,0.98695652173913,0.383870967741935,0.9296875,0.54337899543379,0.685413744740533,0
"81",0.81,0.479250428549166,0.988405797101449,0.37741935483871,0.936,0.537931034482759,0.682912575970079,0
"82",0.82,0.452368708119059,0.988405797101449,0.345161290322581,0.930434782608696,0.503529411764706,0.666783543712015,0
"83",0.83,0.431829515349852,0.994202898550725,0.319354838709677,0.961165048543689,0.479418886198547,0.656778868630201,0
"84",0.84,0.410324139005766,0.994202898550725,0.293548387096774,0.957894736842105,0.449382716049383,0.643875642823749,0
"85",0.85,0.394195106747701,0.994202898550725,0.274193548387097,0.955056179775281,0.426065162907268,0.634198223468911,0
"86",0.86,0.380995792426367,0.995652173913044,0.258064516129032,0.963855421686747,0.407124681933842,0.626858345021038,0
"87",0.87,0.356802244039271,0.995652173913044,0.229032258064516,0.959459459459459,0.369791666666667,0.61234221598878,0
"88",0.88,0.340914757674926,0.997101449275362,0.209677419354839,0.970149253731343,0.344827586206897,0.603389434315101,0
"89",0.89,0.311344865201808,0.997101449275362,0.174193548387097,0.964285714285714,0.295081967213115,0.58564749883123,0
"90",0.9,0.295457378837463,0.998550724637681,0.154838709677419,0.979591836734694,0.267409470752089,0.57669471715755,0
"91",0.91,0.273952002493377,0.998550724637681,0.129032258064516,0.975609756097561,0.227920227920228,0.563791491351099,0
"92",0.92,0.25,1,0.1,1,0.181818181818182,0.55,0
"93",0.93,0.233870967741935,1,0.0806451612903226,1,0.149253731343284,0.540322580645161,0
"94",0.94,0.21505376344086,1,0.0580645161290323,1,0.109756097560976,0.529032258064516,0
"95",0.95,0.204301075268817,1,0.0451612903225806,1,0.0864197530864197,0.52258064516129,0
"96",0.96,0.185483870967742,1,0.0225806451612903,1,0.0441640378548896,0.511290322580645,0
"97",0.97,0.172043010752688,1,0.00645161290322581,1,0.0128205128205128,0.503225806451613,0
"98",0.98,0.169354838709677,1,0.0032258064516129,1,0.00643086816720257,0.501612903225806,0
"99",0.99,0.166666666666667,1,0,NA,NA,0.5,0
"100",1,0.166666666666667,1,0,NA,NA,0.5,0
Confusion Matrix and Statistics

          Reference
Prediction TRUE FALSE
     TRUE   295   188
     FALSE   15   502
                                          
               Accuracy : 0.797           
                 95% CI : (0.7707, 0.8215)
    No Information Rate : 0.69            
    P-Value [Acc > NIR] : 1.904e-14       
                                          
                  Kappa : 0.5887          
                                          
 Mcnemar's Test P-Value : < 2.2e-16       
                                          
            Sensitivity : 0.9516          
            Specificity : 0.7275          
         Pos Pred Value : 0.6108          
         Neg Pred Value : 0.9710          
             Prevalence : 0.3100          
         Detection Rate : 0.2950          
   Detection Prevalence : 0.4830          
      Balanced Accuracy : 0.8396          
                                          
       'Positive' Class : TRUE            
                                          
